Place_name,Latitude,Longitude,Category,Region,haversine_distance_from_centroid,haversine_distance_from_voosh_kitchen,09_30_centroid,19_00_centroid,distance_in_meters_from_centroid
DS-MAX Properties Pvt.Ltd,13.037737,77.6273876,Apartments,"Adugodi, Bengaluru",1.8670101982119438,3.4744653978734314,7,8,504
Bizongo,13.0277782,77.6324487,Office,"Ambalipura, Bengaluru",0.7975874125251357,2.3494962356968236,1,1,83
Hitachi Lift India Pvt Ltd,13.0341271,77.6286827,Office,"Ambalipura, Bengaluru",1.4946350084496447,3.1011615707084745,3,4,237
Ola attachment,13.0375156,77.6273117,Office,"Ambalipura, Bengaluru",1.855482654260741,3.463417795613342,7,9,510
Axis Bank,13.0281125,77.6324919,Office,"Ambalipura, Bengaluru",0.8040645400033424,2.3664009238432016,4,5,288
Ola attachment,13.0375156,77.6273117,Office,"Carmelaram, Bengaluru",1.855482654260741,3.463417795613342,7,9,510
Zolo Cosmos Co-Living %7C Redefining PG,13.0395306,77.6224366,PG,"Carmelaram, Bengaluru",2.39850978961181,4.005880430724523,5,6,362
Zolo Forza Co-Living %7C Redefining PG,13.0407826,77.6226448,PG,"Carmelaram, Bengaluru",2.4725568487778347,4.081115447252002,5,6,350
Zolo Epic Co-Living %7C Redefining PG,13.0379523,77.6217372,PG,"Carmelaram, Bengaluru",2.3526794630110994,3.9534366136529258,6,7,404
All Peoples Church %26 World Outreach Office,13.0208806,77.6430362,Office,"J.P. Nagar, Bengaluru",0.6680059140026238,0.9697129115646521,4,6,342
Casagrand Orlena,13.043603,77.6354368,Apartments,"Junnasandra, Bengaluru",2.0261060343118626,3.468240818784734,8,10,592
Griha Promoters Private Ltd,13.0181246,77.646108,Apartments,"Junnasandra, Bengaluru",1.1137473275679992,0.5283552891519908,6,8,451
Zolo Cosmos Co-Living %7C Redefining PG,13.0395306,77.6224366,PG,"Junnasandra, Bengaluru",2.39850978961181,4.005880430724523,5,6,362
Zolo Epic Co-Living %7C Redefining PG,13.0379523,77.6217372,PG,"Junnasandra, Bengaluru",2.3526794630110994,3.9534366136529258,6,7,404
Sub Registrar Office,13.0144612,77.6477867,Office,"K.R Puram, Bengaluru",1.5479216508653997,0.3464595096706986,9,10,612
Zolo Cygnus Co-Living %7C Redefining PG,13.0206664,77.6558476,PG,"K.R Puram, Bengaluru",1.8582071634841817,0.7700964267827594,7,7,449
Kalyan Apartments,13.0273248,77.6372114,Apartment,"Kalyan Nagar, Bengaluru",0.3017913111755668,1.907402649201459,3,4,210
Grace Garden Apartments,13.0292717,77.6342233,Apartment,"Kalyan Nagar, Bengaluru",0.6912176371361405,2.294313765073972,3,4,263
Sahasra Maple Apartment,13.0286463,77.6412487,Apartment,"Kalyan Nagar, Bengaluru",0.36475306443995564,1.7197675604687606,6,6,358
Sahasra Grand Apartments,13.0301421,77.6435231,Apartment,"Kalyan Nagar, Bengaluru",0.6460844144638984,1.736616985078272,6,7,423
White Crest Apartment,13.0153152,77.646082,Apartment,"Kalyan Nagar, Bengaluru",1.3670871189277463,0.4878035262267206,8,8,503
Ring View Apartment,13.0236674,77.6427738,Apartment,"Kalyan Nagar, Bengaluru",0.42521529652338963,1.1889124284909904,3,4,233
Park Side Apartment,13.0191597,77.6496537,Apartment,"Kalyan Nagar, Bengaluru",1.323409657408881,0.3540624235412915,7,8,480
Radiant H.R.B.R.,13.0182321,77.6520659,Apartment,"Kalyan Nagar, Bengaluru",1.5988424992427865,0.29172998800865546,8,9,534
SIMS Serenity Apartments,13.0245325,77.6361431,Apartment,"Kalyan Nagar, Bengaluru",0.39428150262100986,1.818155886753994,2,2,133
Green India Daisy Apartment,13.016626,77.641389,Apartment,"Kalyan Nagar, Bengaluru",1.0423687573891118,0.9904150628690119,6,7,419
Golden Valley Breeze Apartment,13.0261854,77.6418319,Apartment,"Kalyan Nagar, Bengaluru",0.2523153418653492,1.4647185145475794,5,5,325
Golden Meadows Apartment,13.0293583,77.6343731,Apartment,"Kalyan Nagar, Bengaluru",0.6832663090350432,2.288051738316688,3,4,260
Silver Oak Apartment,13.0298177,77.638101,Apartment,"Kalyan Nagar, Bengaluru",0.4703715435320552,2.034507098526145,5,6,341
Zenith Apartment,13.032897,77.6405687,Apartment,"Kalyan Nagar, Bengaluru",0.7944425394356944,2.1573993981076693,5,6,385
Golden Castle Apartments,13.0244638,77.6365585,Apartment,"Kalyan Nagar, Bengaluru",0.3559308084692878,1.7757527498815064,2,2,107
NSR Apartments,13.0251209,77.6394263,Apartment,"Kalyan Nagar, Bengaluru",0.07903411157611397,1.5658226218860913,2,3,150
Surabhi Apartments,13.0179734,77.6481408,Apartment,"Kalyan Nagar, Bengaluru",1.277403218321274,0.33177070586427876,8,9,521
Mashri Prajavani Apartment,13.0286178,77.6414258,Apartment,"Kalyan Nagar, Bengaluru",0.37224696574108707,1.706051134453899,6,6,358
Sai Sannidhi Apartments,13.0275179,77.6374661,Apartment,"Kalyan Nagar, Bengaluru",0.2925569675601955,1.9009288780930942,4,4,243
Sai Orchid Apartment,13.0293224,77.6400087,Apartment,"Kalyan Nagar, Bengaluru",0.39239989349979765,1.860362174611312,5,5,324
Kala Bhairava Apartment,13.0282342,77.6407701,Apartment,"Kalyan Nagar, Bengaluru",0.29965619095326484,1.7142060601547575,5,5,324
Sai Leela Palace Apartments,13.0272203,77.6402669,Apartment,"Kalyan Nagar, Bengaluru",0.17444733231903392,1.6627528029751102,5,5,305
Pandiyan house Bengaluru,13.0155361,77.648576,Apartment,"Kalyan Nagar, Bengaluru",1.50617047039467,0.21876206059885536,9,10,613
Anugraha Apartments 11,13.0228247,77.6383682,Apartment,"Kalyan Nagar, Bengaluru",0.3565743433134058,1.5141430192107463,3,5,283
Spencer Apartments,13.0197706,77.6426408,Apartment,"Kalyan Nagar, Bengaluru",0.7526463665077996,0.946186487994985,5,6,369
Avyak Fortune Apartments,13.0281682,77.6413656,Apartment,"Kalyan Nagar, Bengaluru",0.32767974877887973,1.6693379208730106,5,6,344
Pathyil Apartments,13.0233289,77.6421002,Apartment,"Kalyan Nagar, Bengaluru",0.39288061405856484,1.2162237922232653,4,4,245
Sri Nivasam Apartment,13.0192062,77.6419426,Apartment,"Kalyan Nagar, Bengaluru",0.78082261001338,0.9912483331136634,5,7,392
Sri Sai Homes Apartment,13.0242638,77.6416267,Apartment,"Kalyan Nagar, Bengaluru",0.2856040981266245,1.3242198928856563,3,3,206
DS Max Livin Apartment,13.027451,77.6405244,Apartment,"Kalyan Nagar, Bengaluru",0.2104086403122523,1.6636565202928886,5,5,316
CopperCreek Apartments,13.017463,77.642627,Apartment,"Kalyan Nagar, Bengaluru",0.9883062656267472,0.8680549793241542,6,7,414
Royal Garden Apartment,13.02368,77.6405161,Apartment,"Kalyan Nagar, Bengaluru",0.2611389569479323,1.3732857680993864,3,4,216
Elegant Pristine,13.0229452,77.6380429,Apartment,"Kalyan Nagar, Bengaluru",0.35849659065519746,1.5514092721340091,4,5,293
Akash Residency Apt,13.0274241,77.6406662,Apartment,"Kalyan Nagar, Bengaluru",0.2161844478952734,1.6514200686259506,5,5,316
SLV Howell Apartment,13.0293212,77.6388795,Apartment,"Kalyan Nagar, Bengaluru",0.3952448502753502,1.9375180474417437,4,5,284
Sims Regency,13.0182879,77.6392433,Apartment,"Kalyan Nagar, Bengaluru",0.8385729842437641,1.2453263887386707,4,5,324
Sai Rani Apartments,13.0174975,77.6452789,Apartment,"Kalyan Nagar, Bengaluru",1.1157035085849647,0.5884402226599699,6,7,440
Suravi Apartment,13.0278899,77.6352072,Apartment,"Kalyan Nagar, Bengaluru",0.5218562242660473,2.1147407362546145,3,3,179
Arnav Apartment,13.025834,77.6423017,Apartment,"Kalyan Nagar, Bengaluru",0.29999367775791597,1.4021513164931128,5,6,333
TukTuk Apartments,13.021689,77.644554,Apartment,"Kalyan Nagar, Bengaluru",0.7122849511743199,0.8971282790019143,5,6,356
Silver Oak Apartments,13.0242582,77.636379,Apartment,"Kalyan Nagar, Bengaluru",0.38345057928325604,1.7805667495476316,2,2,111
A. H. Orchid,13.0179871,77.6484972,Apartment,"Kalyan Nagar, Bengaluru",1.3048400648507754,0.303887253322665,8,9,533
Parkview Apartments,13.020019,77.651346,Apartment,"Kalyan Nagar, Bengaluru",1.433381450821076,0.4463112202340897,6,8,452
Petra Splendour,13.0237001,77.6366095,Apartment,"Kalyan Nagar, Bengaluru",0.3950419760768576,1.7279057419030668,3,3,196
AH Heights,13.023252,77.6389609,Apartment,"Kalyan Nagar, Bengaluru",0.29263207193043245,1.4836463577130365,3,3,192
Crescent Apts,13.0204793,77.6426644,Apartment,"Kalyan Nagar, Bengaluru",0.6843434136621842,0.9806435621607592,5,6,357
Scion Windflower Apartment,13.0156197,77.6440983,Apartment,"Kalyan Nagar, Bengaluru",1.2378034395732567,0.697034222640408,6,8,452
Shreya Apartments,13.0295789,77.640134,Apartment,"Kalyan Nagar, Bengaluru",0.4225697881311828,1.874830818488262,5,6,332
Hosto Gold,13.0236956,77.6427837,Apartment,"Kalyan Nagar, Bengaluru",0.424344492754193,1.1903824778527066,3,4,233
Beauforte Apartment,13.0250846,77.6362335,Apartment,"Kalyan Nagar, Bengaluru",0.3667376295892004,1.842375201238743,2,2,110
Elegant Claire,13.0242862,77.6402072,Apartment,"Kalyan Nagar, Bengaluru",0.18596944382856223,1.4414853580678366,3,3,184
Kalyan Residency,13.0273483,77.6396213,Apartment,"Kalyan Nagar, Bengaluru",0.16975708355861166,1.7205721666765803,4,5,289
Royal Villa Apartment,13.0197765,77.6396697,Apartment,"Kalyan Nagar, Bengaluru",0.6726263582740731,1.2444003022750476,4,5,298
Harmony Homes,13.0251349,77.631956,Apartment,"Kalyan Nagar, Bengaluru",0.8243689855656227,2.248156184753624,2,3,151
Fairmont,13.0215046,77.6396783,Apartment,"Kalyan Nagar, Bengaluru",0.48056547197335653,1.3194261961738558,3,4,233
Macro NEST,13.0213094,77.6471121,Apartment,"Kalyan Nagar, Bengaluru",0.9624277726686156,0.6877125487759411,6,7,395
Srinidhi Apartment,13.0199261,77.6455564,Apartment,"Kalyan Nagar, Bengaluru",0.925196297415754,0.6860327467667227,6,7,407
Manna's Legacy,13.023268,77.643921,Apartment,"Kalyan Nagar, Bengaluru",0.5539016273410393,1.0712758573507488,4,5,288
Vinayakaiah Enclave,13.020958,77.6417431,Apartment,"Kalyan Nagar, Bengaluru",0.5917121937490172,1.0937106549184121,5,6,385
Aikya Towers,13.0172176,77.6435753,Apartment,"Kalyan Nagar, Bengaluru",1.0524582411875407,0.7621688149465483,6,7,412
Thoshini Lotus,13.0283997,77.6401531,Apartment,"Kalyan Nagar, Bengaluru",0.29417921245000467,1.7703506161876905,5,5,306
Scion Winter Leaf,13.0158125,77.6494844,Apartment,"Kalyan Nagar, Bengaluru",1.5497402873879365,0.11569311653422096,9,10,601
Art%26More Studio,13.020137,77.6485004,Apartment,"Kalyan Nagar, Bengaluru",1.159212815897526,0.5003139082356396,6,7,419
Nazm Apartment,13.0178692,77.6399377,Apartment,"Kalyan Nagar, Bengaluru",0.8856328999158594,1.1628276954552772,5,6,373
Tulip,13.0204486,77.6409867,Apartment,"Kalyan Nagar, Bengaluru",0.6181390427196591,1.1404022793920678,5,5,325
Sai Residency Apartments,13.0287385,77.6417464,Apartment,"Kalyan Nagar, Bengaluru",0.4031621351155939,1.6973510483004135,6,7,414
Gurukrupa apartments,13.0182419,77.6451488,Apartment,"Kalyan Nagar, Bengaluru",1.0397204317220154,0.6286871515639101,6,7,414
AH HABITAT Apt.,13.0242557,77.6344386,Apartment,"Kalyan Nagar, Bengaluru",0.5787512431673583,1.9641624647922382,2,2,147
J P Nakshtra Appt.,13.0183469,77.6503651,Apartment,"Kalyan Nagar, Bengaluru",1.4382235653450295,0.2517085267896875,8,9,525
BEW Paradise,13.0221247,77.6421957,Apartment,"Kalyan Nagar, Bengaluru",0.5024443766213919,1.1237234051146088,4,5,286
CBR Prakruthi Apartments,13.0299827,77.6493006,Apartment,"Kalyan Nagar, Bengaluru",1.1548238872513534,1.5506172991022202,8,9,531
Oak Ridge Apartment,13.0284491,77.6395264,Apartment,"Kalyan Nagar, Bengaluru",0.2918889604121512,1.8183066198113635,4,5,288
Scion Winsome,13.0240537,77.6421781,Apartment,"Kalyan Nagar, Bengaluru",0.3476987081730058,1.2649750190700495,3,4,221
Sri vari krupa CGC,13.0206945,77.6406481,Apartment,"Kalyan Nagar, Bengaluru",0.5830475577781531,1.1852649534650848,4,5,311
AH Shelter,13.0235791,77.6386696,Apartment,"Kalyan Nagar, Bengaluru",0.26656350997160355,1.5298600461358869,3,3,182
Mauli's,13.0195786,77.6443961,Apartment,"Kalyan Nagar, Bengaluru",0.8717232689727299,0.768106898485515,5,6,365
S S Environs,13.0281296,77.6402521,Apartment,"Kalyan Nagar, Bengaluru",0.26795033894824016,1.7403588574409674,5,5,298
Nandi Springfield Apartment,13.0147361,77.6485561,Apartment,"Kalyan Nagar, Bengaluru",1.5734588789273432,0.25999318740725247,8,10,576
Sims Heritage,13.0228913,77.638539,Apartment,"Kalyan Nagar, Bengaluru",0.34341608579657185,1.5018068898355648,3,5,278
Pawan House,13.021362,77.648069,Apartment,"Kalyan Nagar, Bengaluru",1.0494860650505011,0.6435085285638762,5,6,387
Vijay Cresent,13.0205886,77.6426745,Apartment,"Kalyan Nagar, Bengaluru",0.674367190149617,0.9858085940298428,5,6,352
Krishna Residency,13.0229248,77.6446184,Apartment,"Kalyan Nagar, Bengaluru",0.6383598885090885,0.9929383536179444,4,5,313
JS House,13.0214055,77.6452591,Apartment,"Kalyan Nagar, Bengaluru",0.7913764979895254,0.8208240247359573,5,6,346
Amen,13.0240265,77.6407586,Apartment,"Kalyan Nagar, Bengaluru",0.2399895853311042,1.3770356394756058,3,3,204
Sunny Bliss Apartment,13.0242664,77.646093,Apartment,"Kalyan Nagar, Bengaluru",0.7315216297201659,1.0278342670219667,5,6,340
Lokanathas Residency,13.0246482,77.6349138,Apartment,"Kalyan Nagar, Bengaluru",0.5171710320279445,1.9397021307858902,2,2,148
gina apartments,13.0277115,77.6386267,Apartment,"Kalyan Nagar, Bengaluru",0.23168120638042183,1.8245692870745958,4,4,252
Sims Legacy,13.0236343,77.6392972,Apartment,"Kalyan Nagar, Bengaluru",0.24482523004220955,1.4767744342440516,3,3,180
Bhavya Paradise,13.0268616,77.6400037,Apartment,"Kalyan Nagar, Bengaluru",0.12615240530917152,1.6527902786804731,4,5,274
Joyelle,13.0162316,77.6486409,Apartment,"Kalyan Nagar, Bengaluru",1.4530701793810739,0.20357781040748504,9,10,621
Honey Dew Residences,13.018143,77.643587,Apartment,"Kalyan Nagar, Bengaluru",0.9604257344807376,0.7844969234790587,5,6,382
Fair Havens,13.020797,77.640331,Apartment,"Kalyan Nagar, Bengaluru",0.5656406053926827,1.2211788666349679,4,5,303
Fortune Solitaire,13.0179809,77.6500667,Apartment,"Kalyan Nagar, Bengaluru",1.4363108070413366,0.21600329303928598,8,9,534
Aadhya castle,13.0167565,77.6401136,Apartment,"Kalyan Nagar, Bengaluru",1.0102344255476108,1.1292300148800487,5,6,383
Gina Living Waters,13.0279853,77.6385844,Apartment,"Kalyan Nagar, Bengaluru",0.26134767001517417,1.8494600653425002,4,4,240
Cennet,13.0187639,77.6450734,Apartment,"Kalyan Nagar, Bengaluru",0.9882508811956306,0.6602906431529214,6,7,397
Slv Torrent,13.0234241,77.6465274,Apartment,"Kalyan Nagar, Bengaluru",0.8033998130966168,0.92303763912979,5,6,342
Sai Nusshina Splendor,13.0208496,77.6412765,Apartment,"Kalyan Nagar, Bengaluru",0.5845143016412647,1.1322182716414924,5,6,384
SELVAM RESIDENCY,13.0284011,77.6425125,Apartment,"Kalyan Nagar, Bengaluru",0.43165784790235573,1.6205179895501642,5,6,371
Asharath Mansion,13.0212145,77.6399356,Apartment,"Kalyan Nagar, Bengaluru",0.5144201202530284,1.27999983921482,4,5,274
Shanthi Residency,13.0246995,77.637616,Apartment,"Kalyan Nagar, Bengaluru",0.24237771280809817,1.6939604242183195,2,2,122
Geetanjali building,13.023276,77.641786,Apartment,"Kalyan Nagar, Bengaluru",0.37399979386473947,1.23813496064578,4,4,247
Park house,13.0230189,77.6419292,Apartment,"Kalyan Nagar, Bengaluru",0.4058428871841189,1.2078897959913302,4,4,253
Mohit %26 Avishek's flat,13.028292,77.6446448,Apartment,"Kalyan Nagar, Bengaluru",0.6180851640101711,1.4986225692540887,7,7,445
Anthena,13.0210054,77.6437494,Apartment,"Kalyan Nagar, Bengaluru",0.7041249301231628,0.9143867484198756,5,6,355
Pransanna,13.0199963,77.6445789,Apartment,"Kalyan Nagar, Bengaluru",0.8478257276404887,0.7761056545331819,5,6,363
Sree Vasavi Arcade,13.0184226,77.6543549,Apartment,"Kalyan Nagar, Bengaluru",1.8044088450806128,0.49043722591100153,8,9,538
Punnen Residency,13.0220817,77.6460651,Apartment,"Kalyan Nagar, Bengaluru",0.8209804618925669,0.822509766014841,5,6,343
Gayathri building,13.0279609,77.6460198,Apartment,"Kalyan Nagar, Bengaluru",0.7418635628154029,1.4071437217449643,8,8,490
Shri SAI SANKALP,13.0171803,77.6468205,Apartment,"Kalyan Nagar, Bengaluru",1.2438585064550576,0.418197326017045,7,8,502
Daffodils Apartments,13.029678,77.6377362,Apartment,"Kalyan Nagar, Bengaluru",0.47065285738378226,2.049362357785343,5,6,349
Sri Lakshmi nilaya,13.0280127,77.6405828,Apartment,"Kalyan Nagar, Bengaluru",0.2686454524889391,1.7075806692289561,5,5,302
CP Residency,13.0184507,77.6494612,Apartment,"Kalyan Nagar, Bengaluru",1.3524710571414134,0.2864299194811057,7,8,508
Vindya Bharthesh,13.0235783,77.6409155,Apartment,"Kalyan Nagar, Bengaluru",0.2912155344250008,1.3323232643277634,3,4,224
Regency Magnum,13.0298596,77.6353197,Apartment,"Kalyan Nagar, Bengaluru",0.6400398347481242,2.2482564121676814,3,4,256
Sree properties,13.0221617,77.6357139,Apartment,"Kalyan Nagar, Bengaluru",0.5805052518123864,1.7398506512001641,3,4,235
MNM Builders,13.016093,77.643219,Apartment,"Kalyan Nagar, Bengaluru",1.153399533292931,0.7903485199046654,6,7,417
J R Arcade,13.0288334,77.6407989,Apartment,"Kalyan Nagar, Bengaluru",0.36165044278964487,1.7653154045746537,5,6,333
Dharma Symphony,13.0206428,77.6443655,Apartment,"Kalyan Nagar, Bengaluru",0.7785003365478147,0.8368136294864281,5,6,357
Rasiga House,13.0286706,77.6443841,Apartment,"Kalyan Nagar, Bengaluru",0.6135317239778492,1.5487461406223246,6,7,425
Unishire,13.0236199,77.6462081,Apartment,"Kalyan Nagar, Bengaluru",0.7635940254713457,0.9586821503155336,5,6,332
Vikash Homes,13.0233787,77.6499898,Apartment,"Kalyan Nagar, Bengaluru",1.1650547405159375,0.8126892553899424,6,7,424
Keerti Apartments,13.0258402,77.642583,Apartment,"Kalyan Nagar, Bengaluru",0.33047082266599376,1.3835548792972288,5,5,326
Anugraha Lotus,13.0196981,77.6310082,Apartment,"Kalyan Nagar, Bengaluru",1.1475351214057674,2.15101941777157,4,4,269
MIMS NORTH WEST,13.019391,77.6426472,Apartment,"Kalyan Nagar, Bengaluru",0.7909171797800019,0.9280623495511281,5,6,363
Dr. Akheel Ahmed House,13.0236646,77.6410371,Apartment,"Kalyan Nagar, Bengaluru",0.29021834541056213,1.3281330068621273,4,4,232
A.H.Riviera,13.0211856,77.6441855,Apartment,"Kalyan Nagar, Bengaluru",0.7211924363712624,0.8896058218957305,5,6,373
Colarado Apartments,13.0314238,77.6365779,Apartment,"Kalyan Nagar, Bengaluru",0.7001148945806899,2.277591272150413,3,4,249
Millennia Mount Galilee,13.0343907,77.6392895,Apartment,"Kalyan Nagar, Bengaluru",0.9529287451741876,2.370793741566267,4,5,317
Midas Residency,13.0181899,77.6447613,Apartment,"Kalyan Nagar, Bengaluru",1.020529162146072,0.6656413805888182,6,7,417
V. V. Ivory Apartment,13.0254202,77.6535371,Apartment,"Kalyan Nagar, Bengaluru",1.517831855771473,1.0881555858862628,8,9,558
Jaya Apartment HR,13.0297083,77.6384617,Apartment,"Kalyan Nagar, Bengaluru",0.4472137857192113,1.999663065165599,5,6,356
Uma Residency,13.0252825,77.6441446,Apartment,"Kalyan Nagar, Bengaluru",0.5032569280600384,1.2334787271847925,4,5,313
Bhanu Paradise Block 2,13.0287084,77.640397,Apartment,"Kalyan Nagar, Bengaluru",0.3341135779813883,1.7806412081572287,5,5,320
Near Mylaria Apartment,13.0269142,77.6483429,Apartment,"Kalyan Nagar, Bengaluru",0.9621224388169721,1.226598011778996,7,7,445
Preethi Villa,13.0202517,77.6418049,Apartment,"Kalyan Nagar, Bengaluru",0.6667335135226702,1.0510155985002239,5,7,390
Divine Grace Service Apartments,13.027781,77.637662,Apartment,"Kalyan Nagar, Bengaluru",0.29734474495859214,1.9050457591769658,3,4,231
Ayesha Di,13.0230045,77.6434205,Apartment,"Kalyan Nagar, Bengaluru",0.5250765515234508,1.087247011664523,4,5,274
Prestige North Point,13.0233789,77.6374308,Apartment,"Kalyan Nagar, Bengaluru",0.35464055674275186,1.6328882675866576,2,2,119
Diamond Enclave,13.0292879,77.6383544,Apartment,"Kalyan Nagar, Bengaluru",0.4057555214714094,1.9722410759024258,4,5,285
Yash Residency Apartments,13.026476,77.6479867,Apartment,"Kalyan Nagar, Bengaluru",0.918732729350995,1.1871165730435695,6,7,445
Ishwerya Enclave,13.0211674,77.6401172,Apartment,"Kalyan Nagar, Bengaluru",0.5216602904845359,1.260058861366476,4,5,279
Residence Of Cars,13.017216,77.645799,Apartment,"Kalyan Nagar, Bengaluru",1.1734844222590206,0.5260106131328413,7,8,460
Vineyard Chrysolite,13.0357766,77.63505,Apartment,"Kalyan Nagar, Bengaluru",1.2085236467626959,2.756735781450121,5,6,365
Alkhaleej Apartments %232,13.0163577,77.6392034,Apartment,"Kalyan Nagar, Bengaluru",1.0532198534327264,1.225757437172707,5,6,370
"401, belagola house",13.0228977,77.642238,Apartment,"Kalyan Nagar, Bengaluru",0.4379366376665616,1.1735826313781519,4,4,256
GPN,13.0278831,77.6455953,Apartment,"Kalyan Nagar, Bengaluru",0.6955585574004444,1.4156923323672808,8,8,485
JEEJA AH RESIDENCY,13.0226903,77.6384712,Apartment,"Kalyan Nagar, Bengaluru",0.36694228331447665,1.4970709473165273,3,5,278
Sri Nanjundeswara Padmanabha Reddy Corporator,13.0255655,77.6347452,Apartment,"Kalyan Nagar, Bengaluru",0.5194299912694111,2.007259402840093,2,2,112
Neeraja Woods Apartment,13.0158347,77.6363914,Apartment,"Kalyan Nagar, Bengaluru",1.1617301575502745,1.5302975387166964,4,6,331
Elegant Kevin Enclave,13.0230252,77.6443934,Apartment,"Kalyan Nagar, Bengaluru",0.6116891412378802,1.017230890963947,4,5,305
Accomplish Serviced Apartments,13.0249563,77.6364003,Apartment,"Kalyan Nagar, Bengaluru",0.35278356303804087,1.8194558722361298,2,2,94
Guru Krupa,13.0188284,77.6480138,Apartment,"Kalyan Nagar, Bengaluru",1.2038831487899841,0.40772576449139813,7,8,484
Adhithya Paradise,13.0256276,77.636474,Apartment,"Kalyan Nagar, Bengaluru",0.3320653445417625,1.8544138781385497,1,1,63
The Jazminn - Luxury Service Apartments,13.0183514,77.6423555,Apartment,"Kalyan Nagar, Bengaluru",0.8854192961311255,0.9190304441663868,6,7,396
Shetty House,13.0282208,77.6408392,Apartment,"Kalyan Nagar, Bengaluru",0.30176260749656947,1.708429397334652,5,5,324
Jagalakshmi Apartments,13.0122604,77.6484289,Apartment,"Kalyan Nagar, Bengaluru",1.7898679625499478,0.4818445382006963,9,11,671
White Lotus Kala,13.0150644,77.6405844,Apartment,"Kalyan Nagar, Bengaluru",1.2018389867752979,1.0817813994222139,6,8,459
Ortus Trendsquares - Construction,13.020521,77.647932,Apartment,"Kalyan Nagar, Bengaluru",1.0843132090894954,0.5667872916242731,6,7,404
LKY Apartments,13.0218747,77.6532397,Apartment,"Kalyan Nagar, Bengaluru",1.5485346417688783,0.7079767995718705,7,8,481
Thelliankal House,13.0331102,77.6500972,Apartment,"Kalyan Nagar, Bengaluru",1.4022310125949902,1.8933350397402025,10,11,648
Fazals Abode,13.0251732,77.6392796,Apartment,"Kalyan Nagar, Bengaluru",0.07739018114234417,1.5817556184183408,2,2,147
Hazel Suites Hotel Apartments,13.0216222,77.638891,Apartment,"Kalyan Nagar, Bengaluru",0.47237072941933883,1.4015492645373429,3,4,216
GTS SUITES,13.0199235,77.640857,Apartment,"Kalyan Nagar, Bengaluru",0.6716222578706295,1.1298272297438057,4,6,341
Dinesh apartment,13.0135983,77.638697,Apartment,"Kalyan Nagar, Bengaluru",1.3624581550398915,1.3098475671509109,6,8,474
Zebra suites Bellflower Apartment,13.021383,77.6382614,Apartment,"Kalyan Nagar, Bengaluru",0.5126692480185867,1.4521523012928077,3,4,225
Sundara Residency Apartment,13.0111461,77.639078,Apartment,"Kalyan Nagar, Bengaluru",1.632863048068966,1.3553774005891615,8,9,567
Ananth Residency,13.0328542,77.6303189,Apartment,"Kalyan Nagar, Bengaluru",1.2678147702922393,2.87443926975334,5,7,410
Griha Promoters Private Ltd,13.0181246,77.646108,Apartment,"Kalyan Nagar, Bengaluru",1.1137473275679992,0.5283552891519908,6,8,451
OYO 13670 Skylark Service Apartment,13.0258823,77.6413498,Apartment,"Kalyan Nagar, Bengaluru",0.19697499919281666,1.4737147182515857,4,5,298
Triente Suites,13.015933,77.6434752,Apartment,"Kalyan Nagar, Bengaluru",1.1798683197954263,0.7627868235256212,6,8,454
Pulikeshi Apartment,13.0354826,77.6342599,Apartment,"Kalyan Nagar, Bengaluru",1.216427528974626,2.7841770666868735,5,6,389
Karthik Apartments,13.0084843,77.6437292,Apartment,"Kalyan Nagar, Bengaluru",1.9809789199408925,1.1203535257758983,9,11,661
Sahasra Builders and Developers,13.0255809,77.641771,Apartment,"Kalyan Nagar, Bengaluru",0.24400206133325913,1.4182501144817492,4,5,287
Sri Sai Apartment,13.0381545,77.6504572,Apartment,"Kalyan Nagar, Bengaluru",1.8112111040567116,2.4537051274988837,8,10,598
SS Residency,13.0157321,77.6376333,Apartment,"Kalyan Nagar, Bengaluru",1.1408872210257248,1.3960543272963433,5,6,357
AH Galaxy Apartments,13.0265252,77.6275647,Apartment,"Kalyan Nagar, Bengaluru",1.2988645390865026,2.7437919562967323,4,4,259
SLV Grand Apartment,13.0371209,77.6315758,Apartment,"Kalyan Nagar, Bengaluru",1.5234497344282159,3.1111334035526976,6,8,456
Omran apartment,13.0231256,77.6241922,Apartment,"Kalyan Nagar, Bengaluru",1.6887606482755515,2.9570632261500145,6,7,418
Hebron Properties,13.0234186,77.6442087,Apartment,"Kalyan Nagar, Bengaluru",0.5728656309564716,1.063530453181224,4,5,278
Krishna apartment Teachers colony HBR layout,13.0244397,77.6293445,Apartment,"Kalyan Nagar, Bengaluru",1.1143983507917747,2.4743371274704353,3,4,226
Shri Balaji Classic Apartment,13.0218309,77.6536864,Apartment,"Kalyan Nagar, Bengaluru",1.5963479802516685,0.7251951055890432,8,8,502
Sai Palace Apartments,13.0241258,77.6263707,Apartment,"Kalyan Nagar, Bengaluru",1.4383307403832948,2.7641088098592803,4,5,321
Shoba Suites,13.0212313,77.6413103,Apartment,"Kalyan Nagar, Bengaluru",0.545803478230827,1.149498839544964,5,6,377
HBR Palace Apartment,13.035596,77.630226,Apartment,"Kalyan Nagar, Bengaluru",1.4822728900005129,3.0880754019554297,6,7,448
Manohar Apartment,13.0327111,77.6197151,Apartment,"Kalyan Nagar, Bengaluru",2.2793667846186914,3.8143914209502463,7,8,488
Business Hotel %7C Regal Suites,13.0236795,77.6398657,Apartment,"Kalyan Nagar, Bengaluru",0.24118342242658228,1.4294852224343562,3,3,187
Apartment 010,13.0116105,77.6380621,Apartment,"Kalyan Nagar, Bengaluru",1.588489604390427,1.4379859944474733,7,9,534
Maple Suites Service Apartments,13.0303113,77.6319886,Apartment,"Kalyan Nagar, Bengaluru",0.9575327851060775,2.555250264478483,3,4,231
Lavender Inn,13.0244575,77.6411662,Apartment,"Kalyan Nagar, Bengaluru",0.23326559677065845,1.3754062733782528,3,3,195
AH Builders and developers,13.0236663,77.6390914,Apartment,"Kalyan Nagar, Bengaluru",0.24464925373306456,1.4971745700586936,3,3,172
Sana Enclave,13.0377592,77.6315537,Apartment,"Kalyan Nagar, Bengaluru",1.5837866918837251,3.1663858306817896,6,8,482
Apartment%2316,13.0117404,77.6318079,Apartment,"Kalyan Nagar, Bengaluru",1.7756173313089851,2.0834820864562054,7,9,566
Dua Real Estate - Buy Sell Rent Residential %26 Commercial,13.0287796,77.6337836,Apartment,"Kalyan Nagar, Bengaluru",0.7041925180996047,2.2971399511411135,4,5,272
Apartment,13.0062748,77.6497352,Apartment,"Kalyan Nagar, Bengaluru",2.4386689707486333,1.0944274459556347,12,14,834
Bairavi Cruz Luxor Apartment,13.0274719,77.6381095,Apartment,"Kalyan Nagar, Bengaluru",0.23945669359045924,1.8461724316208243,4,5,277
Square Feet Realtors,13.0174092,77.6429548,Apartment,"Kalyan Nagar, Bengaluru",1.006469132186974,0.8320435314137213,6,8,462
YAYA ZIRCON APARTMENT,13.0109265,77.630646,Apartment,"Kalyan Nagar, Bengaluru",1.9159846812947905,2.227704881495379,8,10,629
Olive Studio Serviced Apartments,13.0162934,77.6373531,Apartment,"Kalyan Nagar, Bengaluru",1.0857501554760207,1.4260314585858194,4,6,333
Home Inverter %26 Battery shop ( home ups shop%2F battery shop%2F inverter shop),13.0267875,77.6422868,Apartment,"Kalyan Nagar, Bengaluru",0.31702500551735985,1.4865876443090233,5,6,344
Kalyan Nagar,13.0239923,77.643294,Apartment,"Kalyan Nagar, Bengaluru",0.45556386948947125,1.1765933384249894,3,4,248
Chelekare,13.0254021,77.6443056,Apartment,"Kalyan Nagar, Bengaluru",0.5192070320197767,1.2349380594373893,5,5,323
HRBR Layout 3rd Block,13.0249198,77.6342819,Apartment,"Kalyan Nagar, Bengaluru",0.5776444637833352,2.0141827851594316,2,3,154
"Block A, Mantri Splendor Apartment",13.0478267,77.643431,Apartment,"Kalyan Nagar, Bengaluru",2.482763138198984,3.61165322481218,8,10,588
Blue Sunshine,13.02325,77.6371384,Apartment,"Kalyan Nagar, Bengaluru",0.38626181276890653,1.6535096438160155,4,4,223
HRBR Layout,13.0191445,77.6464534,Apartment,"Kalyan Nagar, Bengaluru",1.0553749929135048,0.5559334595749982,6,7,427
Meganahalli,13.0292984,77.6371459,Apartment,"Kalyan Nagar, Bengaluru",0.46486368562707486,2.0628241928447952,5,5,299
Kalyana Nagar Post Office,13.0171932,77.6509907,Office,"Kalyan Nagar, Bengaluru",1.569056749876575,0.13330532098741962,9,10,591
Office,13.020844,77.6430373,Office,"Kalyan Nagar, Bengaluru",0.6714262202550322,0.9673825427569597,5,7,411
BBMP Ward Office,13.0259835,77.6354781,Office,"Kalyan Nagar, Bengaluru",0.43959273006806926,1.9657650137297547,1,2,95
Galaxy office,13.022758,77.645106,Office,"Kalyan Nagar, Bengaluru",0.6934015993019027,0.9451872497737198,4,5,319
Office Not Office,13.0185647,77.648935,Office,"Kalyan Nagar, Bengaluru",1.2996797410229095,0.32422248257326575,7,9,519
ACT HRBR Office,13.022757,77.644484,Office,"Kalyan Nagar, Bengaluru",0.63564906487098,0.9882903855134262,4,5,312
Bruhat Bengaluru Mahanagara Palike Contact Point,13.0261305,77.6355072,Office,"Kalyan Nagar, Bengaluru",0.4374115432397056,1.9723611558431255,1,1,76
"Furniture House Store - Kalyan Nagar, Bengaluru",13.0257654,77.6409143,Office,"Kalyan Nagar, Bengaluru",0.14983145396139802,1.4965298274121897,4,4,266
BDA Office,13.0210256,77.6487547,Office,"Kalyan Nagar, Bengaluru",1.1326322456113267,0.5811964103597147,6,7,396
Euro Sparsh,13.019202,77.6511127,Office,"Kalyan Nagar, Bengaluru",1.454671192777373,0.3522909790338871,7,8,466
Digital India Office Solutions,13.0196523,77.6471786,Office,"Kalyan Nagar, Bengaluru",1.0756903839013967,0.5363550026054696,6,7,427
Sterling Holiday Resorts Ltd - Bangalore Branch Office,13.0180896,77.6433367,Office,"Kalyan Nagar, Bengaluru",0.9536823118374563,0.8088223499133713,5,6,375
Electricity Complaint Office,13.0198102,77.6396295,Office,"Kalyan Nagar, Bengaluru",0.6687974418166733,1.2497488932826357,4,5,298
Trust Chemists %26 Druggists Ltd,13.0240923,77.636953,Office,"Kalyan Nagar, Bengaluru",0.33937707318643817,1.7177465427572765,4,4,251
BWSSB Office Hennuru,13.0263945,77.6343566,Office,"Kalyan Nagar, Bengaluru",0.5643069860795276,2.092243392364933,2,2,116
Bangalore One Mini- HRBR,13.0215121,77.6484847,Office,"Kalyan Nagar, Bengaluru",1.0818783038097128,0.641970290103132,5,6,384
SSV Business Point,13.0229369,77.6483511,Office,"Kalyan Nagar, Bengaluru",1.0078518119869797,0.7968144498596818,5,6,361
Bahujana Ambedkar Sangha (Head Office),13.0206501,77.6439891,Office,"Kalyan Nagar, Bengaluru",0.7510597949824853,0.8700977133573173,5,6,346
S-MAC SECURITY SERVICES PVT LTD CORPORATE OFFICE,13.023269,77.6446111,Office,"Kalyan Nagar, Bengaluru",0.619208604127395,1.0230321775538518,4,5,290
Scope Amra Logistics (I) Private Limited,13.017959,77.64368,Office,"Kalyan Nagar, Bengaluru",0.9832285055387625,0.7690789095464509,5,6,385
E- Stamping,13.0144916,77.6477764,Office,"Kalyan Nagar, Bengaluru",1.544518134853557,0.3456637835603668,9,10,613
Ann S Office,13.0243084,77.6373199,Office,"Kalyan Nagar, Bengaluru",0.2930258393735401,1.696699200665688,1,2,90
The Office Square,13.0245021,77.6440431,Office,"Kalyan Nagar, Bengaluru",0.5102775081587877,1.169127215514172,4,5,298
OVUM Hospital Corporate Office(Head Office),13.0202332,77.6472262,Office,"Kalyan Nagar, Bengaluru",1.039804294193142,0.5825379298403355,6,7,407
Plug n Play Co-Working Space,13.0222485,77.639997,Office,"Kalyan Nagar, Bengaluru",0.40075906115038157,1.3294718536727348,3,4,237
Ekart Logistics New Office,13.0261872,77.640077,Office,"Kalyan Nagar, Bengaluru",0.07147735970023306,1.5936273557386555,3,4,243
Uniwork Spaces,13.0229205,77.6453254,Office,"Kalyan Nagar, Bengaluru",0.7057470659287577,0.9451034398319836,4,5,313
Bubblespace Coworking,13.022347,77.646811,Office,"Kalyan Nagar, Bengaluru",0.8781972126124817,0.8033338707397638,5,6,342
Sub Registrar Office,13.0144612,77.6477867,Office,"Kalyan Nagar, Bengaluru",1.5479216508653997,0.3464595096706986,9,10,612
Shaik Mahaboob Notary Public Office,13.0183013,77.6442908,Office,"Kalyan Nagar, Bengaluru",0.982575111637647,0.7177455919898653,6,7,410
Mythri Legacy,13.0263586,77.6435563,Office,"Kalyan Nagar, Bengaluru",0.43994011082402223,1.3683862534595408,4,5,300
Office of the Sage,13.020616,77.6413317,Office,"Kalyan Nagar, Bengaluru",0.611034253316547,1.1149678323929593,5,6,377
Modi Building,13.0240664,77.6428756,Office,"Kalyan Nagar, Bengaluru",0.4115377995751712,1.2132148122985302,3,4,238
GSH India Private Limited,13.0254442,77.6430573,Office,"Kalyan Nagar, Bengaluru",0.3841784186615036,1.3171951116854292,4,5,298
HLD Office,13.0190096,77.6451431,Office,"Kalyan Nagar, Bengaluru",0.9713966903806177,0.6664411934527628,6,7,392
BESCOM Kalyana Nagar,13.0197897,77.6396063,Office,"Kalyan Nagar, Bengaluru",0.6710420335530204,1.2513691337590798,4,5,298
Wings Brand Activations (I) Pvt Ltd,13.0193421,77.6395849,Office,"Kalyan Nagar, Bengaluru",0.7207877018117147,1.2381097117257114,4,5,306
Shanti Bhavan Educational Trust,13.024269,77.6409448,Office,"Kalyan Nagar, Bengaluru",0.23088502407128325,1.379248365616213,3,3,197
Biamp India,13.0195368,77.6441705,Office,"Kalyan Nagar, Bengaluru",0.8609420282689985,0.7870189613589831,5,6,365
SLN Office %26 Home Solutions,13.0244376,77.6372578,Office,"Kalyan Nagar, Bengaluru",0.29068624945362165,1.710127546528139,1,1,87
BRIC Spaces Sec-2,13.0220179,77.6390746,Office,"Kalyan Nagar, Bengaluru",0.4261276127208532,1.403826890448988,3,4,226
sai sharan skies,13.0254445,77.6394474,Office,"Kalyan Nagar, Bengaluru",0.04320503205493637,1.5874163850705612,2,3,165
Prakash Interior Decors,13.020588,77.6404546,Office,"Kalyan Nagar, Bengaluru",0.5907339985199918,1.1992143166105402,4,5,308
Jodhpuri Furniture - HRBR %7C Furniture Store Bangalore,13.0262522,77.6356506,Office,"Kalyan Nagar, Bengaluru",0.42323306513696224,1.9673179749949203,1,1,53
OPDSS Pvt Ltd.,13.0214516,77.6508723,Office,"Kalyan Nagar, Bengaluru",1.3212019314188783,0.5976774948061271,6,6,387
K-BIZ,13.022497,77.6456539,Office,"Kalyan Nagar, Bengaluru",0.7593676766923837,0.886080516985572,5,6,332
E-8 Sub Division BESCOM,13.0198413,77.6397101,Office,"Kalyan Nagar, Bengaluru",0.6655347990956103,1.2426701721196607,4,5,302
BL Expert Solutions,13.0239594,77.6459434,Office,"Kalyan Nagar, Bengaluru",0.7248041208036838,1.0056383325285192,5,5,329
Smit Global Corp Office,13.0216421,77.640939,Office,"Kalyan Nagar, Bengaluru",0.48934247420213256,1.2072777332007192,3,5,287
BSNL RETAILER SRINIDHI DOT NET,13.0256942,77.6308147,Office,"Kalyan Nagar, Bengaluru",0.944550213502451,2.386557581037923,3,3,178
Force 1 Guarding Services Pvt. Ltd.,13.0209237,77.6425233,Office,"Kalyan Nagar, Bengaluru",0.6339497397845274,1.0191147119790727,5,6,345
ACT fibernet store,13.0229486,77.6447965,Office,"Kalyan Nagar, Bengaluru",0.6537870879411801,0.9826908547229337,4,5,315
Aries Arcade,13.0242139,77.642654,Office,"Kalyan Nagar, Bengaluru",0.3826336995276166,1.2415999884479256,3,4,232
BLUE STRIPES APPARELS CORPORATE OFFICE,13.023559,77.6360676,Office,"Kalyan Nagar, Bengaluru",0.4520428586527219,1.7719097521574503,2,2,142
Sodexo SVC India Pvt. Ltd,13.0193316,77.6429968,Office,"Kalyan Nagar, Bengaluru",0.8136564745834926,0.8907107000018661,7,8,500
Livguard Energy,13.0232487,77.6446451,Office,"Kalyan Nagar, Bengaluru",0.6235171674453749,1.01896878857525,4,5,291
ACPS Pvt Ltd,13.0204887,77.6440207,Office,"Kalyan Nagar, Bengaluru",0.7670598944423513,0.8569453370045064,5,6,347
Pooja Furniture House,13.0284984,77.6462951,Office,"Kalyan Nagar, Bengaluru",0.7906603232737983,1.4537135610735363,8,9,517
SUNDUS,13.0245727,77.6440939,Office,"Kalyan Nagar, Bengaluru",0.5133667215328368,1.1721448844897497,4,5,300
PRG Agitators- Bangalore Office,13.024988,77.6399931,Office,"Kalyan Nagar, Bengaluru",0.1055105718586545,1.509497256288824,2,3,165
Murali Enterprises,13.022241,77.6390036,Office,"Kalyan Nagar, Bengaluru",0.4025219283279455,1.4223868685278585,3,4,221
ATP Infratech Pvt Ltd,13.0222833,77.6399923,Office,"Kalyan Nagar, Bengaluru",0.3968561646734667,1.331905530536281,3,4,236
MGH Logistics Pvt ltd,13.0246269,77.6372566,Office,"Kalyan Nagar, Bengaluru",0.2802057348185687,1.7217541261890283,1,1,82
intellirose software india pvt ltd,13.0222468,77.640414,Office,"Kalyan Nagar, Bengaluru",0.4090782512141129,1.290863798623578,4,4,252
Vans Gypsum Pvt Ltd,13.023645,77.6384149,Office,"Kalyan Nagar, Bengaluru",0.27087242704969094,1.5570195232154038,2,3,152
EL DESIGN,13.0198467,77.6410145,Office,"Kalyan Nagar, Bengaluru",0.6837712860953663,1.1108039762577113,4,6,332
WORQS,13.0209018,77.6410609,Office,"Kalyan Nagar, Bengaluru",0.5718297628313289,1.155593132036538,4,5,306
Decors and interiors,13.0215022,77.641564,Office,"Kalyan Nagar, Bengaluru",0.5285675199691401,1.141338236107999,3,5,305
Kotis architects,13.0208316,77.64247,Office,"Kalyan Nagar, Bengaluru",0.639882408326014,1.0186842333258048,5,6,347
Sunsip Agro Processors,13.0250611,77.6406201,Office,"Kalyan Nagar, Bengaluru",0.14518587175885692,1.4644118654390417,3,3,190
Evok Furniture Store by Hindware - Kalyan Nagar,13.0222557,77.6489742,Office,"Kalyan Nagar, Bengaluru",1.0971218112709353,0.7058304130850956,5,6,351
Adhisha Water Solutions Pvt Ltd.,13.02341,77.643552,Office,"Kalyan Nagar, Bengaluru",0.5115353956504881,1.1098650993117936,4,5,276
Blue Dart,13.0246593,77.6437712,Office,"Kalyan Nagar, Bengaluru",0.4771058827064826,1.2008504211356632,4,5,274
WIZnet India Private Limited,13.0175828,77.6429386,Office,"Kalyan Nagar, Bengaluru",0.9878917298742533,0.8373879515692361,6,8,464
Empire Interior Solutions,13.0208524,77.6450836,Office,"Kalyan Nagar, Bengaluru",0.8168635906085413,0.7917164111695403,5,6,353
Dopamine Central,13.0244999,77.6375434,Office,"Kalyan Nagar, Bengaluru",0.2609947874133015,1.6880560476349646,2,2,129
Imarticus Learning,13.0204761,77.6433184,Office,"Kalyan Nagar, Bengaluru",0.7223895972328903,0.919687448180222,4,5,324
BricSpaces Private Limited,13.0220264,77.6390776,Office,"Kalyan Nagar, Bengaluru",0.42515109610013657,1.4039842391553186,3,4,226
Himalai IAS%7C KAS%7C Banking %7CRBI %7C NABARD %7C SEBI %7C NDA Coaching Center %7C Kalyan Nagar %7C Corporate Office,13.0229658,77.6454147,Office,"Kalyan Nagar, Bengaluru",0.712100863250254,0.9434599201003344,4,5,312
Evineon,13.0208967,77.6410298,Office,"Kalyan Nagar, Bengaluru",0.5714070635798457,1.1583183178829592,4,5,306
Spacegain private limited,13.0171708,77.6471463,Office,"Kalyan Nagar, Bengaluru",1.2673581731438264,0.3842269027278328,7,9,513
Veadhik Consultants,13.0237591,77.6410196,Office,"Kalyan Nagar, Bengaluru",0.2804928485050396,1.336282030529899,3,4,217
IM DZINCENTRE llp,13.0244261,77.6369754,Office,"Kalyan Nagar, Bengaluru",0.31766176743702057,1.7352161480582793,4,4,262
Crest Architects,13.0260358,77.6409844,Office,"Kalyan Nagar, Bengaluru",0.1590353616039139,1.5131012941277429,4,5,293
"ICICI Bank HRBR Layout, Bangalore-Branch %26 ATM",13.0247999,77.6369441,Office,"Kalyan Nagar, Bengaluru",0.30266200531444454,1.7606058739193957,4,5,275
SyndicateBank Bengaluru Kalyan Nagar Branch,13.0180214,77.654101,Office,"Kalyan Nagar, Bengaluru",1.8010371188277507,0.4440968169595059,7,8,485
HDFC Mutual Fund - Kalyan Nagar- Bangalore,13.0238046,77.6373131,Office,"Kalyan Nagar, Bengaluru",0.3289972134304889,1.6678200217318768,1,2,104
MediMark Ayurveda,13.0269223,77.6395035,Office,"Kalyan Nagar, Bengaluru",0.12215612277371148,1.6953690993914823,4,4,259
Assistant Commission of Police,13.0196278,77.6401119,Office,"Kalyan Nagar, Bengaluru",0.6918496957153368,1.1937210284342155,4,5,325
Dynalog India Limited,13.0255664,77.6374141,Office,"Kalyan Nagar, Bengaluru",0.23128293572341835,1.7677678508546235,1,2,100
Trident Trucking Office,13.0254639,77.6417548,Office,"Kalyan Nagar, Bengaluru",0.24405287119236235,1.4097748859321573,4,5,288
Vibrant Screen,13.0247805,77.6440059,Office,"Kalyan Nagar, Bengaluru",0.4983148798184473,1.196415643987504,4,5,302
Park Landing,13.0245074,77.6441054,Office,"Kalyan Nagar, Bengaluru",0.516576923428463,1.165565865689161,4,5,298
Milky Mist Office,13.0293542,77.6447089,Office,"Kalyan Nagar, Bengaluru",0.6845015029045783,1.6036202870345757,8,8,488
Kalyan Nagar,13.0239923,77.643294,Office,"Kalyan Nagar, Bengaluru",0.45556386948947125,1.1765933384249894,3,4,248
Learnteq Solutions,13.0263718,77.6435704,Office,"Kalyan Nagar, Bengaluru",0.44165365762629444,1.3687713693832309,4,5,300
Apti Engineering Technology Pvt. Ltd.,13.020362,77.64752,Office,"Kalyan Nagar, Bengaluru",1.0571951641407358,0.5754089810220738,6,7,402
YT Matrimony for Christians,13.0257225,77.63443,Office,"Kalyan Nagar, Bengaluru",0.5528956087152885,2.045489434099566,2,2,120
Conflux Technologies Pvt Ltd,13.0182536,77.6433472,Office,"Kalyan Nagar, Bengaluru",0.937770770805339,0.8129427091923379,5,6,363
ALEPA DAIRY FOODS PVT LTD,13.0206268,77.6478972,Office,"Kalyan Nagar, Bengaluru",1.0747798804284578,0.5788852145335065,6,7,402
Blest Accounting Solutions- Chartered Accountant Firm in Kalyan Nagar Kammanahalli Bangalore,13.0207964,77.6358972,Office,"Kalyan Nagar, Bengaluru",0.6838487410446872,1.6678699728862185,3,4,231
LYRUS LIFESCIENCES strategy office,13.0243729,77.6369561,Office,"Kalyan Nagar, Bengaluru",0.3224065394533795,1.7338336295787855,4,4,261
"Pepperfry Bespoke - Home Interior Design %26 Modular Solution, HRBR Layout, Bengaluru",13.0224379,77.6464417,Office,"Kalyan Nagar, Bengaluru",0.8378686361573275,0.8325983394342376,5,6,334
"Sell Car in HRBR Layout, Kalyan Nagar, Bangalore - CarDekho Gaadi Store",13.0220489,77.6420007,Office,"Kalyan Nagar, Bengaluru",0.49770698171858246,1.1357962890926991,4,5,290
Natural living Kalyan Nagar Bangalore,13.0268404,77.6368471,Office,"Kalyan Nagar, Bengaluru",0.3121036908806185,1.9031032895911304,3,3,181
LIC HFL,13.022819,77.645689,Office,"Kalyan Nagar, Bengaluru",0.7459799297359231,0.9129422706053334,4,5,319
Shivanta Promotions,13.0227926,77.6448645,Office,"Kalyan Nagar, Bengaluru",0.6687956765499171,0.9645951091275742,5,6,330
Aditya Birla Capital Limited,13.0247885,77.6368406,Office,"Kalyan Nagar, Bengaluru",0.31354230529592886,1.769286049600199,4,5,274
Alameen Global,13.0216352,77.6410504,Office,"Kalyan Nagar, Bengaluru",0.4939570076048392,1.1965279576175956,3,5,290
Hospitality Supplies International,13.0206268,77.6478889,Office,"Kalyan Nagar, Bengaluru",1.0740218596313047,0.5793261417012237,6,7,402
DTDC,13.020815,77.643041,Office,"Kalyan Nagar, Bengaluru",0.6743141059840522,0.965287250001103,5,7,411
KRAIBURG TPE Private Limited,13.0235586,77.6440211,Office,"Kalyan Nagar, Bengaluru",0.5476414610702784,1.0885303677134899,4,5,271
State Bank of India KALYAN NAGAR,13.018199,77.65307,Office,"Kalyan Nagar, Bengaluru",1.6940371557393907,0.363004767846286,8,9,543
Saraf Furniture,13.0232199,77.6447093,Office,"Kalyan Nagar, Bengaluru",0.6311662294769258,1.0121321417891214,4,5,293
Sunrise Modular,13.0291172,77.644363,Office,"Kalyan Nagar, Bengaluru",0.6386905274274368,1.5947045178241848,6,7,401
ITConnectUS Inc. %7C Bangalore %7C Karnataka %7C India,13.0209042,77.6410313,Office,"Kalyan Nagar, Bengaluru",0.5706536699238934,1.1585594190594208,4,5,308
Livewire Technologies,13.0244904,77.6440334,Office,"Kalyan Nagar, Bengaluru",0.5096483602450298,1.1687173507885698,4,5,297
Felicity Adobe Llp,13.0234416,77.6442365,Office,"Kalyan Nagar, Bengaluru",0.5743464486262233,1.0635634654592052,4,5,278
Grey Plans,13.026882,77.636833,Office,"Kalyan Nagar, Bengaluru",0.3152248443065731,1.9071995648447753,3,3,180
Wooden Street - Furniture Store Kalyan Nagar Bangalore,13.0177601,77.6531554,Office,"Kalyan Nagar, Bengaluru",1.726884110006554,0.3412490462135079,7,9,513
SS OPAL SOLUTIONS,13.0237497,77.6374235,Office,"Kalyan Nagar, Bengaluru",0.32466859058798375,1.6544236883058498,2,2,127
Cross Digital,13.0217741,77.6449161,Office,"Kalyan Nagar, Bengaluru",0.7368554839250183,0.8761242290885289,5,6,342
Pelatro Solutions Pvt.Ltd,13.020896,77.6436672,Office,"Kalyan Nagar, Bengaluru",0.7077563849818896,0.9143742467476369,5,6,351
Microwatt Energy Systems Pvt Ltd,13.0217161,77.64088,Office,"Kalyan Nagar, Bengaluru",0.4795457387341976,1.2169850950189516,3,5,285
Ninerich Infotech,13.0163005,77.6493581,Office,"Kalyan Nagar, Bengaluru",1.5015007267448,0.1274610919871941,9,10,598
Axis Bank,13.0215302,77.6404994,Office,"Kalyan Nagar, Bengaluru",0.48881335523178393,1.2423288330882754,3,5,275
Uber Corp,13.0280047,77.6399712,Office,"Kalyan Nagar, Bengaluru",0.24708560410560146,1.749411529708122,4,5,280
CeramTec India,13.0226678,77.6434516,Office,"Kalyan Nagar, Bengaluru",0.5508477307003548,1.0586560585333717,4,5,281
Mustafa Telecom,13.0223475,77.6387269,Office,"Kalyan Nagar, Bengaluru",0.3963102567510275,1.4543695479902508,3,4,211
Kosamattam Finance Pvt Ltd,13.0307317,77.6354798,Office,"Kalyan Nagar, Bengaluru",0.7003948113312369,2.3030957102313203,3,4,248
Marrow Originals LLP,13.021333,77.6411633,Office,"Kalyan Nagar, Bengaluru",0.5297153550234615,1.1689410965992084,5,5,324
Kalyan Nagar Bus Stop,13.0266921,77.6365413,Office,"Kalyan Nagar, Bengaluru",0.33812267264806795,1.9188134134514876,3,3,176
Six30labs,13.0249697,77.6399663,Office,"Kalyan Nagar, Bengaluru",0.10598915991444513,1.5103594708397536,2,3,164
Hipbar Pvt Ltd.,13.0199904,77.6414343,Office,"Kalyan Nagar, Bengaluru",0.6806093465151781,1.0751521404452602,5,6,368
SIRI Investments,13.0280047,77.6399712,Office,"Kalyan Nagar, Bengaluru",0.24708560410560146,1.749411529708122,4,5,280
Alert Commandos Private Limited,13.0149435,77.6467164,Office,"Kalyan Nagar, Bengaluru",1.4385706178004602,0.4306762438351212,7,9,523
Yusen Logistics warehouse -kalyan nagar,13.0260051,77.6419573,Office,"Kalyan Nagar, Bengaluru",0.26345136088089965,1.4406283571862197,5,5,318
KARUR VYSYA BANK LTD,13.0216198,77.6433712,Office,"Kalyan Nagar, Bengaluru",0.6256923745683852,0.9885431108747038,4,5,302
HDFC Home Loans - BENGALURU (KALYAN NAGAR),13.0196515,77.6528994,Office,"Kalyan Nagar, Bengaluru",1.6025244788142357,0.47306621807447397,7,8,480
We Create Homes...,13.0224254,77.6469073,Office,"Kalyan Nagar, Bengaluru",0.8838134655655144,0.8057875976870679,5,6,343
Taapasi KIA,13.0231923,77.6450302,Office,"Kalyan Nagar, Bengaluru",0.6635958530693626,0.9884510025072745,4,5,301
Asus Exclusive Store,13.018951,77.643263,Office,"Kalyan Nagar, Bengaluru",0.8645298632258792,0.8476354447635716,5,6,350
Softway,13.0215605,77.6399928,Office,"Kalyan Nagar, Bengaluru",0.4767049075314522,1.29212086048536,3,4,259
FitnessOne's Propel Fitness Treadmill %26 Equipment Store Kalyan Nagar,13.0214499,77.6418026,Office,"Kalyan Nagar, Bengaluru",0.545025221226662,1.1163440763204875,3,5,311
AH Shelter,13.0235791,77.6386696,Office,"Kalyan Nagar, Bengaluru",0.26656350997160355,1.5298600461358869,3,3,182
"Livpure Smart Homes Pvt Ltd.,",13.0232258,77.6447224,Office,"Kalyan Nagar, Bengaluru",0.6321274436102876,1.0117655007396071,4,5,293
"Kosca Distributor, Bangalore",13.0156082,77.643802,Office,"Kalyan Nagar, Bengaluru",1.226513681882291,0.7291415674127747,6,7,445
AOTO ELECTRONIC ( HONG KONG) LtD,13.0221781,77.643454,Office,"Kalyan Nagar, Bengaluru",0.5872316464236829,1.0215873984292443,4,5,291
MBBS Admission in Abroad - New-Lyf,13.0236595,77.6386972,Office,"Kalyan Nagar, Bengaluru",0.257142845835665,1.5322467900118133,2,3,160
Printree Custom Creations Pvt Ltd,13.0222563,77.6469616,Office,"Kalyan Nagar, Bengaluru",0.8972884245888713,0.7865007653863224,5,6,345
iFix India,13.0225125,77.6373633,Office,"Kalyan Nagar, Bengaluru",0.43683287672449433,1.5937963993083561,2,3,152
IDFC FIRST Bank,13.0249909,77.6407855,Office,"Kalyan Nagar, Bengaluru",0.1643401311753569,1.4459922019931029,3,3,193
Pacer Yamaha SERVICE Centre,13.0249935,77.6432308,Office,"Kalyan Nagar, Bengaluru",0.4111527629067795,1.2661839074128431,4,5,271
Croma,13.0258444,77.6409236,Office,"Kalyan Nagar, Bengaluru",0.15071366519333806,1.5021615493689662,4,4,265
LAKSHMI HYUNDAI KALYAN NAGAR,13.0227111,77.6457812,Office,"Kalyan Nagar, Bengaluru",0.7603104098090747,0.8973874796998915,4,5,321
Vedaearth Lounge Spa (Kalyan Nagar),13.0219023,77.6401136,Office,"Kalyan Nagar, Bengaluru",0.44060338326635845,1.2990809746803023,3,5,276
Drainvac India - Zera Automation,13.0230379,77.6433992,Office,"Kalyan Nagar, Bengaluru",0.5210103859568042,1.0915056374980763,4,5,273
Dronava Technologies Pvt Ltd,13.0319088,77.6439322,Office,"Kalyan Nagar, Bengaluru",0.8276136731846493,1.8982253470556991,6,7,442
Starbucks - Kammanahali (S152),13.0193534,77.6429104,Office,"Kalyan Nagar, Bengaluru",0.8072202894862489,0.90025221625445,5,6,349
State Bank of India,13.0245308,77.6372295,Office,"Kalyan Nagar, Bengaluru",0.2879772087658001,1.7183428492633086,1,1,84
Brewklyn Microbrewery,13.0214758,77.6403976,Office,"Kalyan Nagar, Bengaluru",0.49250658063131264,1.2490596029688716,3,5,272
Allahabad Bank,13.022811,77.6456728,Office,"Kalyan Nagar, Bengaluru",0.7448109819313949,0.9132199923525495,4,5,319
Dell Exclusive Store - Kammanahalli,13.0188759,77.6432508,Office,"Kalyan Nagar, Bengaluru",0.8713089623211446,0.8457641542081232,5,6,352
Intersight Tours %26 Travels Pvt Ltd,13.0223973,77.6379035,Office,"Kalyan Nagar, Bengaluru",0.4199281017167759,1.5358108713743905,2,3,181
Sharekhan,13.026558,77.6222884,Office,"Kalyan Nagar, Bengaluru",1.8699054796242405,3.2719962912207197,4,6,331
Maxwell Public School - Best Public School in Bangalore %7C Top Public School in Bangalore %7C Public School In Banasawadi Bangalore %7C School Near Me,13.016355,77.6475209,Office,"Kalyan Nagar, Bengaluru",1.3629350211840636,0.3256455675748549,8,10,591
Pallottine Provincialate - Assumption House.,13.0291245,77.6420688,Office,"Kalyan Nagar, Bengaluru",0.4584469687950643,1.7141944351587965,6,7,400
Banaswadi Traffic Police Station,13.0196932,77.6400734,Office,"Kalyan Nagar, Bengaluru",0.6842380687996366,1.2000690888206607,4,6,332
Empowered Minds,13.017289,77.643969,Office,"Kalyan Nagar, Bengaluru",1.0638210903589684,0.7215609540381511,6,7,425
The Local,13.0212208,77.6414976,Office,"Kalyan Nagar, Bengaluru",0.5543670628295774,1.1313527114785447,5,6,377
Union Bank of India,13.0211432,77.6420452,Office,"Kalyan Nagar, Bengaluru",0.5873740616402622,1.0760119350786415,4,5,320
Kotak Mahindra Bank,13.0241276,77.6369551,Office,"Kalyan Nagar, Bengaluru",0.3369768145793815,1.719589214961789,4,4,253
Ark Granites,13.0267661,77.6375375,Office,"Kalyan Nagar, Bengaluru",0.24017706178135256,1.8401687056238127,3,3,196
HCG Kalyan Nagar,13.0229848,77.6434237,Office,"Kalyan Nagar, Bengaluru",0.5266649119538004,1.0854532344197265,4,5,274
Aakruthi Group,13.0145547,77.6490469,Office,"Kalyan Nagar, Bengaluru",1.622561060052457,0.23309821135663347,8,10,571
Caf%C3%A9 Coffee Day,13.0268015,77.6369511,Office,"Kalyan Nagar, Bengaluru",0.3000353220268866,1.8916237420733166,3,3,195
The Dental Lounge - Aesthetic %26 Implant Centre - Kalyan Nagar,13.0227213,77.6397733,Office,"Kalyan Nagar, Bengaluru",0.3459993191878437,1.377715023103326,3,4,221
HDFC Bank,13.0316028,77.6357296,Office,"Kalyan Nagar, Bengaluru",0.763295449108241,2.3540699251330124,3,4,213
Cafe Coffee Day,13.0232014,77.6362344,Office,"Kalyan Nagar, Bengaluru",0.4612099058896568,1.737510965101442,2,3,187
OYO Townhouse 254 HRBR-Kalyannagar,13.0153509,77.643801,Office,"Kalyan Nagar, Bengaluru",1.2530183371001191,0.7318991013643186,6,8,470
AECC Global Bangalore (Overseas Education Consultants in Bangalore),13.0225175,77.637544,Office,"Kalyan Nagar, Bengaluru",0.42614088732202604,1.5765730894897585,2,3,167
HDFC Bank,13.032169,77.627112,Office,"Kalyan Nagar, Bengaluru",1.5192983671362286,3.102422789082758,4,5,289
E Cube Architects,13.0225948,77.6398313,Office,"Kalyan Nagar, Bengaluru",0.36053668349716034,1.3649039517735433,3,4,227
Hassan,13.0246294,77.6372564,Office,"Kalyan Nagar, Bengaluru",0.28009284733481604,1.7219255106307514,1,1,82
North Bangalore Hospital,13.0267485,77.6393235,Office,"Kalyan Nagar, Bengaluru",0.10525537848109745,1.6955792130097072,4,4,250
CANARA BANK - BENGALURU KALYANANAGAR (BANASWADI),13.0198625,77.6458592,Office,"Kalyan Nagar, Bengaluru",0.9535227684008216,0.6561181671288374,6,7,409
Dr Harsha's physiotherapy Clinic,13.0245261,77.6399959,Office,"Kalyan Nagar, Bengaluru",0.15280959211695516,1.47610038885972,3,3,169
Suguna Poultry Farm Ltd,13.0275399,77.6349052,Office,"Kalyan Nagar, Bengaluru",0.5363771623064909,2.116856273241851,2,3,165
Little Italy KalyanNagar Bangalore,13.023074,77.64314,Office,"Kalyan Nagar, Bengaluru",0.4962298177197758,1.1143086176445998,4,5,317
Barbeque Nation,13.0215187,77.6404391,Office,"Kalyan Nagar, Bengaluru",0.4887079131139386,1.2474186373507476,3,5,273
Royale Concorde International School,13.0254743,77.642535,Office,"Kalyan Nagar, Bengaluru",0.3275834314442836,1.3552132097050913,4,5,300
The Bangalore Dhaba,13.0212771,77.6414952,Office,"Kalyan Nagar, Bengaluru",0.5484911771409802,1.1347476030648942,5,6,375
40K PLUS,13.0225948,77.6398313,Office,"Kalyan Nagar, Bengaluru",0.36053668349716034,1.3649039517735433,3,4,227
"Marie Claire Paris Salon, Kalyannagar Bengaluru",13.022265,77.6383064,Office,"Kalyan Nagar, Bengaluru",0.41745176215488955,1.4902782790202547,2,3,197
Figurine Fitness Kalyan Nagar,13.0209228,77.642995,Office,"Kalyan Nagar, Bengaluru",0.6616091892171903,0.9760217862954442,4,6,341
Artville Academy,13.0206951,77.6396081,Office,"Kalyan Nagar, Bengaluru",0.5703771658696868,1.287818053634429,3,5,279
Ovum hospital,13.0201085,77.6516988,Office,"Kalyan Nagar, Bengaluru",1.463258025323473,0.46512646974911953,6,7,449
Classy Rags,13.021013,77.6422961,Office,"Kalyan Nagar, Bengaluru",0.6130460998190408,1.045272813318847,4,5,326
Four Fountains De-Stress Spa,13.019072,77.643367,Office,"Kalyan Nagar, Bengaluru",0.8580565631470694,0.8424120531955374,5,6,348
Axis Bank ATM,13.03043,77.64965,Office,"Kalyan Nagar, Bengaluru",1.2098060319404789,1.5975167294197965,9,10,577
Imax Diagnostics,13.0243843,77.6421802,Office,"Kalyan Nagar, Bengaluru",0.3284853692795741,1.2908230187945324,3,4,222
Srinivasa Luxury PG For Gents,13.026656,77.6399587,Office,"Kalyan Nagar, Bengaluru",0.10338414791998655,1.6396919163599575,4,5,273
Mainland China,13.0254842,77.6393973,Office,"Kalyan Nagar, Bengaluru",0.04053531058850784,1.5944089489603075,2,3,163
KFC,13.0230479,77.6370649,Office,"Kalyan Nagar, Bengaluru",0.4083645687588439,1.6498326913083674,4,4,215
Axis Bank,13.0238121,77.6368575,Office,"Kalyan Nagar, Bengaluru",0.3661101619930961,1.7107517611685932,4,4,241
"Nova IVF Fertility Center - Best IVF Center In Kalyan Nagar, Bengaluru",13.0239531,77.6370276,Office,"Kalyan Nagar, Bengaluru",0.34194444223803727,1.7028384804693455,4,4,246
Office and Home Furniture,13.027332,77.636419,Office,"Kalyan Nagar, Bengaluru",0.37667925576623174,1.9735729442227388,3,3,191
SRI SAI BALAJI PG FOR GENTS,13.0284387,77.6346571,PG,"Kalyan Nagar, Bengaluru",0.6029041779903459,2.199367339002499,4,4,255
SHAMIYANA LADIES PG,13.0199716,77.6401485,PG,"Kalyan Nagar, Bengaluru",0.6541801995116671,1.203163937377202,4,5,312
Urban Himalayas Girls PG KalyanNagar,13.0159008,77.6457627,PG,"Kalyan Nagar, Bengaluru",1.2934812432420262,0.515189059895371,7,8,487
SS STAYS SPRING PG FOR MEN,13.030239,77.6335534,PG,"Kalyan Nagar, Bengaluru",0.8127518766129069,2.4191369401510183,3,3,188
Royal Girls PG,13.0279859,77.6404774,PG,"Kalyan Nagar, Bengaluru",0.26126790207165684,1.7124950291523786,5,5,300
Samhita pg homes,13.0259055,77.6359278,PG,"Kalyan Nagar, Bengaluru",0.39062245171653814,1.9206441520422515,1,1,83
Annapurna ladies pg,13.027366,77.6391614,PG,"Kalyan Nagar, Bengaluru",0.17610461223780108,1.7565238256237452,4,5,284
Thehive PG,13.0202188,77.639581,PG,"Kalyan Nagar, Bengaluru",0.6233027627861498,1.2704190665769226,3,5,289
SS Stays Blossom - Women PG,13.026108,77.63229,PG,"Kalyan Nagar, Bengaluru",0.7852489718849744,2.2670271284955112,2,2,129
SS Stays Aura PG for Men,13.0236317,77.6489612,PG,"Kalyan Nagar, Bengaluru",1.050133927813708,0.8555398609853768,6,7,425
Srinivasa Luxury PG For Gents,13.026656,77.6399587,PG,"Kalyan Nagar, Bengaluru",0.10338414791998655,1.6396919163599575,4,5,273
Habitat Boys PG,13.0172844,77.6402132,PG,"Kalyan Nagar, Bengaluru",0.952430207848854,1.1238910162508111,5,6,380
Sunrise Paying Guest,13.0290364,77.6354518,PG,"Kalyan Nagar, Bengaluru",0.5683512012208187,2.1761867354215787,4,5,315
"Ujwala Ladies PG %7C Kalyan Nagar, Bengaluru",13.0188171,77.6479406,PG,"Kalyan Nagar, Bengaluru",1.1986580974445575,0.412110929891284,7,8,482
Slv Pg For Gents,13.0276279,77.6396547,PG,"Kalyan Nagar, Bengaluru",0.20101077419845534,1.7408798396890777,4,5,298
sri sai balaji gents pg,13.0257509,77.642147,PG,"Kalyan Nagar, Bengaluru",0.2833493510024088,1.4057700298347378,4,5,313
MD PG %5B PG For Girls Only %5D,13.0169806,77.6473562,PG,"Kalyan Nagar, Bengaluru",1.2982198358550603,0.35624018310667643,8,9,524
Habitat 15 ladies pg,13.0172037,77.6403778,PG,"Kalyan Nagar, Bengaluru",0.9629088475819515,1.1051428202350742,5,6,377
Janapada ladies PG,13.0150486,77.6485956,PG,"Kalyan Nagar, Bengaluru",1.5490898018638244,0.23782391896949606,8,10,583
Sri Venkateswara PG for Gents,13.0164362,77.6494059,PG,"Kalyan Nagar, Bengaluru",1.4945984973872322,0.12616265357795023,8,10,592
Kalyannagar pg for gents,13.0277919,77.6399323,PG,"Kalyan Nagar, Bengaluru",0.22305493362375967,1.7343405110247248,4,5,285
Sri Venkateshwara PG Hostel for Men,13.0257532,77.6404673,PG,"Kalyan Nagar, Bengaluru",0.10157035560732149,1.5296263760653328,3,4,231
Habitat 15 ladies PG 2,13.0172038,77.6403936,PG,"Kalyan Nagar, Bengaluru",0.96306206569628,1.1034431700400138,5,6,378
Shirdi Sai Paying Guest,13.0225905,77.6495877,PG,"Kalyan Nagar, Bengaluru",1.1471266586746482,0.7299907830387549,6,7,402
Upasana ladies pg,13.030813,77.635749,PG,"Kalyan Nagar, Bengaluru",0.6897416248000007,2.2890217966532207,3,4,240
Royal PG,13.0294062,77.6394894,PG,"Kalyan Nagar, Bengaluru",0.3983404508503472,1.9025460619695973,5,5,306
Aashirwad Paying Guest Luxury PG For Women %E2%80%93 Lokhande%E2%80%99s Hospital,13.0198063,77.6498413,PG,"Kalyan Nagar, Bengaluru",1.3019218723993204,0.4198452651657039,7,8,453
Vikyath Ladies Paying Guest,13.0257464,77.6411865,PG,"Kalyan Nagar, Bengaluru",0.17938588353589693,1.4746493191542833,4,5,293
Raji Ladies PG,13.0184223,77.6524549,PG,"Kalyan Nagar, Bengaluru",1.6239623512776973,0.3340418563961235,8,9,531
Sri Manjunatha Luxury PG for Gents,13.022995,77.6482427,PG,"Kalyan Nagar, Bengaluru",0.9946649181305702,0.8064968811400912,5,6,357
SaiVishnu Luxury PG For Gents,13.0279411,77.6393905,PG,"Kalyan Nagar, Bengaluru",0.2359036321896543,1.7858938926977541,4,4,264
Shamiyana Girls pg,13.0198353,77.6342319,PG,"Kalyan Nagar, Bengaluru",0.8793267200171976,1.8125286563241605,4,5,303
Sri Sai Balaji PG For Gent's,13.0277782,77.6324487,PG,"Kalyan Nagar, Bengaluru",0.7975874125251357,2.3494962356968236,1,1,83
Pinto Ladies PG,13.0269034,77.6306461,PG,"Kalyan Nagar, Bengaluru",0.9701543730595598,2.4656148864851164,3,3,199
Ss stays elite pg for girls,13.0261935,77.6320319,PG,"Kalyan Nagar, Bengaluru",0.8136125096867145,2.2960573129977973,2,2,119
Seventh Tree PG for Gents,13.0270906,77.6314457,PG,"Kalyan Nagar, Bengaluru",0.8873256158993988,2.4009058788067112,2,2,130
Vikyatha PG,13.0283869,77.6437302,PG,"Kalyan Nagar, Bengaluru",0.5366575168505069,1.5525610317645018,6,7,418
Pg in kalyannafar,13.028059,77.6401068,PG,"Kalyan Nagar, Bengaluru",0.2561790785155014,1.7444587156129718,4,5,295
Srinivasa Executive PG for Men,13.0267741,77.6404053,PG,"Kalyan Nagar, Bengaluru",0.1417681750763489,1.6159551022239995,4,5,291
Chaitanya Pg,13.0242862,77.6402072,PG,"Kalyan Nagar, Bengaluru",0.18596944382856223,1.4414853580678366,3,3,184
SS STAYS TRISHUL PLAZA PG FOR MEN,13.0228098,77.6487041,PG,"Kalyan Nagar, Bengaluru",1.0486046778169928,0.7727387276491056,6,6,373
Shalom ladies PG,13.0209831,77.6447307,PG,"Kalyan Nagar, Bengaluru",0.7790298705605017,0.8299839148809937,6,7,399
PRESTIGE EXECUTIVE PG FOR GENTS,13.0267208,77.6302252,PG,"Kalyan Nagar, Bengaluru",1.013218626335601,2.4958384859354976,3,3,180
The Arch PG,13.0280047,77.6399711,PG,"Kalyan Nagar, Bengaluru",0.24708352087274799,1.7494186028957006,4,5,280
Zion PG For Gents,13.0268291,77.6293401,PG,"Kalyan Nagar, Bengaluru",1.1098271047404606,2.58622344335616,4,4,261
Sri Venkateshwara PG for Ladies,13.0275215,77.6401478,PG,"Kalyan Nagar, Bengaluru",0.20016626001562493,1.696348667263813,5,5,305
MARS HERITAGE PG,13.0284473,77.6347941,PG,"Kalyan Nagar, Bengaluru",0.5904173849995737,2.188394578654237,4,4,252
Home Like Pg Ruby,13.0317268,77.6369851,PG,"Kalyan Nagar, Bengaluru",0.7120108207698722,2.2742480400470195,3,4,262
Classic Castle PG,13.030973,77.639003,PG,"Kalyan Nagar, Bengaluru",0.5754004952725705,2.072363582142914,5,6,342
Akshaya PG Acommodation,13.0317157,77.6349269,PG,"Kalyan Nagar, Bengaluru",0.8234827382709319,2.4230652711702896,4,4,250
Nancy Dsouza Pg,13.0203913,77.6347851,PG,"Kalyan Nagar, Bengaluru",0.7933836116339652,1.7699584305164986,4,5,312
Ss stays all new posh pg for men,13.0248005,77.6509267,PG,"Kalyan Nagar, Bengaluru",1.2396101832232482,0.9698284075986652,7,8,479
Springs PG,13.0303361,77.6335845,PG,"Kalyan Nagar, Bengaluru",0.8166575754423705,2.423622826421002,3,3,186
Elite PG Inn,13.0327337,77.6354292,PG,"Kalyan Nagar, Bengaluru",0.8876437068331469,2.4691374471183036,3,4,253
Balaji Pg 2,13.0301398,77.6333775,PG,"Kalyan Nagar, Bengaluru",0.8215271004175919,2.426525333941402,3,3,192
The Nest Ladies PG,13.0209329,77.6353943,PG,"Kalyan Nagar, Bengaluru",0.7048337121283793,1.7243649854056764,3,4,246
RMR Stays Gents Pg,13.0323486,77.6363928,PG,"Kalyan Nagar, Bengaluru",0.8012705340293632,2.368471861434814,3,4,243
Isthara Shared Living,13.0262983,77.6326068,PG,"Kalyan Nagar, Bengaluru",0.7521442977213358,2.2478136955929933,2,3,156
Sri Vaishnavi Ladies PG,13.0277075,77.631791,PG,"Kalyan Nagar, Bengaluru",0.8644226761856985,2.4049397118379416,2,2,126
ZIPYSpaces - Manyata Kalyan Nagar,13.0238152,77.6349899,PG,"Kalyan Nagar, Bengaluru",0.5404497968437364,1.8886238895170826,3,3,166
Rishabh ladies PG,13.0324203,77.6367537,PG,"Kalyan Nagar, Bengaluru",0.7928417221640509,2.3495647748346995,3,4,250
Zolo Cygnus Co-Living %7C Redefining PG,13.0206664,77.6558476,PG,"Kalyan Nagar, Bengaluru",1.8582071634841817,0.7700964267827594,7,7,449
3 DOTs PG,13.0271322,77.6314197,PG,"Kalyan Nagar, Bengaluru",0.8908502010115212,2.4056878172027143,3,3,198
Sri Sai Gents PG,13.0323365,77.6362755,PG,"Kalyan Nagar, Bengaluru",0.8055371194874104,2.375676348412791,3,4,240
Jolly Girls and Ladies PG,13.027711,77.6317361,PG,"Kalyan Nagar, Bengaluru",0.8702879284784012,2.4101668727811036,2,2,128
Bethel ladies PG,13.02131,77.6384377,PG,"Kalyan Nagar, Bengaluru",0.5157684269198524,1.431401918574281,3,4,231
Rayar Ladies PG - HBR Layout,13.029051,77.6306424,PG,"Kalyan Nagar, Bengaluru",1.0277691054251137,2.5908206017627116,2,3,166
home stay hrbr layout,13.022112,77.64407,PG,"Kalyan Nagar, Bengaluru",0.64187944246846,0.9675249726251648,4,5,313
SS stays aura pg,13.0241085,77.6491873,PG,"Kalyan Nagar, Bengaluru",1.063193176785063,0.9033621508476118,7,7,442
Lotus comforts Girls P.G,13.0178245,77.6596438,PG,"Kalyan Nagar, Bengaluru",2.353348304959618,1.007753953277745,7,8,480
SVS VAISHNAVI PG,13.0297084,77.6307423,PG,"Kalyan Nagar, Bengaluru",1.045648163356712,2.6233447736599698,2,3,175
PG,13.0210375,77.6350251,PG,"Kalyan Nagar, Bengaluru",0.7223135490367556,1.7659948958399811,4,5,287
Vaishnavi Ladies PG,13.0274868,77.6306781,PG,"Kalyan Nagar, Bengaluru",0.9768898491021898,2.494909725891914,3,3,186
SS Stays Gents pg,13.0318134,77.6344206,PG,"Kalyan Nagar, Bengaluru",0.866150703774635,2.469285579084384,3,4,229
Sruti Pg,13.0259314,77.6360272,PG,"Kalyan Nagar, Bengaluru",0.37993656202267667,1.9134398617863921,1,1,80
Sri Lakshmi Venkata Ramana PG For GENTS,13.0203998,77.653878,PG,"Kalyan Nagar, Bengaluru",1.667053020606814,0.6022368177866235,7,8,458
SRI Venkateshwara PG for Gent's,13.0332609,77.6350242,PG,"Kalyan Nagar, Bengaluru",0.9603955363120371,2.542127242307588,3,4,269
Best PG Accommodation,13.0352556,77.636092,PG,"Kalyan Nagar, Bengaluru",1.1130014032286084,2.6426892131021655,5,6,374
passing clouds girls . PG,13.0201668,77.6481096,PG,"Kalyan Nagar, Bengaluru",1.1221063110610112,0.5230441219244865,6,7,413
Silver Nest PG,13.0285852,77.6297768,PG,"Kalyan Nagar, Bengaluru",1.100565188035373,2.641643668570794,3,4,214
ST PG,13.0330403,77.6314146,PG,"Kalyan Nagar, Bengaluru",1.1904901992663623,2.7990482355608046,5,6,365
ZIPYSpaces - Manyata Hennur Road,13.0326546,77.6362062,PG,"Kalyan Nagar, Bengaluru",0.8406683007418343,2.4075129806052935,4,5,273
SAI VISHNU EXECUTIVE PG FOR GENTS,13.0303795,77.6302011,PG,"Kalyan Nagar, Bengaluru",1.1307115623297708,2.7144323581368983,3,3,198
BALAJI PG FOR GENTS,13.0349807,77.6328728,PG,"Kalyan Nagar, Bengaluru",1.2478704984570268,2.8400438571625553,5,6,386
Sri Sai Balaji PG For Gent's,13.0295307,77.6286274,PG,"Kalyan Nagar, Bengaluru",1.2512210332727847,2.8029471507696058,3,3,208
PG India,13.0203133,77.6433891,PG,"Kalyan Nagar, Bengaluru",0.741650903946294,0.9036611287689336,4,5,327
PG FOR LADIES NAGARBHAVI,13.0218708,77.6320916,PG,"Kalyan Nagar, Bengaluru",0.9181811918663808,2.0968766869504862,3,4,237
Elite Luxury Pg Homes,13.032733,77.634997,PG,"Kalyan Nagar, Bengaluru",0.9119268427072115,2.500315961278516,4,5,279
The White House PG For Gents,13.0355735,77.6299842,PG,"Kalyan Nagar, Bengaluru",1.4984014767695757,3.1050276745407652,6,8,454
Sri Sai Balaji Luxury new Pg for Men,13.0226171,77.6561347,PG,"Kalyan Nagar, Bengaluru",1.8335962977494469,0.947557233122045,8,9,567
Home Town Paying Guest,13.0161314,77.6367274,PG,"Kalyan Nagar, Bengaluru",1.1198051657004184,1.4936438288698088,4,5,323
Zolo Odyssey Co-Living %7C Redefining PG,13.0382322,77.6265784,PG,"Kalyan Nagar, Bengaluru",1.9679914195110326,3.575888872114148,7,8,483
Lotus Pg For Boys,13.0187914,77.6602258,PG,"Kalyan Nagar, Bengaluru",2.3742872207459413,1.0942345405161682,9,10,584
GENTS PG IN HBR LAYOUT,13.0351479,77.63287,PG,"Kalyan Nagar, Bengaluru",1.2632589283274078,2.8540264035372647,6,7,401
Shree pg for gents,13.0357965,77.6311292,PG,"Kalyan Nagar, Bengaluru",1.4346981690713512,3.0352733130423495,6,7,428
Grandma's PG,13.023727,77.648551,PG,"Kalyan Nagar, Bengaluru",1.0044489922997986,0.8756524947125434,6,7,408
ST PG For Gents,13.0385035,77.6305376,PG,"Kalyan Nagar, Bengaluru",1.713856945317645,3.3009142898944357,6,8,481
St Mary's PG,13.0117816,77.642653,PG,"Kalyan Nagar, Bengaluru",1.5976320171015643,0.9770555912244018,8,10,580
Harsha Ladies Pg,13.0065809,77.6473971,PG,"Kalyan Nagar, Bengaluru",2.3031446822188077,1.1097627996478263,12,14,860
Dolphin plaza,13.0192216,77.6375977,PG,"Kalyan Nagar, Bengaluru",0.7635019742835364,1.4420724482574652,4,5,277
Laasya Ladies P.G,13.02576,77.628089,PG,"Kalyan Nagar, Bengaluru",1.2397458141489142,2.6568663886313946,3,4,225
Pacific Stay Ladies PG,13.01729,77.6345435,PG,"Kalyan Nagar, Bengaluru",1.0920792512975384,1.7353870828003464,5,6,340
Prakash PG,13.0114243,77.6364914,PG,"Kalyan Nagar, Bengaluru",1.6347313547369973,1.6052844574574323,6,8,499
Comfort Mens Paying Guest at Kammanahalli,13.0146457,77.6356243,PG,"Kalyan Nagar, Bengaluru",1.313117376089374,1.621100105443954,4,6,359
Sri Gents Pg In,13.0384957,77.6304199,PG,"Kalyan Nagar, Bengaluru",1.7204280025995635,3.308634746425663,6,8,478
REHOBOTH GIRLS PG,13.006504,77.6497429,PG,"Kalyan Nagar, Bengaluru",2.4163604476883105,1.0689536929012782,12,14,839
KAJAMUGAM PG for MENS,13.024431,77.6589606,PG,"Kalyan Nagar, Bengaluru",2.1104134257954836,1.3030612807244546,8,10,591
ST MENS PG,13.0328584,77.6312469,PG,"Kalyan Nagar, Bengaluru",1.1905885612131557,2.7989894755404348,5,6,373
Homestead Executive Gents PG,13.0331082,77.6260876,PG,"Kalyan Nagar, Bengaluru",1.6665804435227496,3.253371746774347,4,5,276
Phoebe Girls Home,13.0192774,77.6296346,PG,"Kalyan Nagar, Bengaluru",1.2960514812137647,2.2896760824099474,4,5,275
Marian villa PG for Boys,13.0115846,77.6366058,PG,"Kalyan Nagar, Bengaluru",1.6147972659258925,1.5878485812937972,6,8,493
Sri Vishnu Pg For Gents,13.03896,77.6223091,PG,"Kalyan Nagar, Bengaluru",2.369563898550776,3.97549525674288,5,6,373
S.L.R Men's PG,13.027579,77.6475064,PG,"Kalyan Nagar, Bengaluru",0.8856001386099641,1.318648619079667,7,8,487
Anjanadri pg,13.0238466,77.6509099,PG,"Kalyan Nagar, Bengaluru",1.2520164549806685,0.8637936786903124,6,7,433
Krupa Homestay,13.0361648,77.6326085,PG,"Kalyan Nagar, Bengaluru",1.372867389970529,2.9574710539642948,6,7,447
ZIPYSpaces - Executive Shared Accommodation,13.0377659,77.6324754,PG,"Kalyan Nagar, Bengaluru",1.5322262374764761,3.103121324305888,7,8,508
Casabella PG,13.0132655,77.6301121,PG,"Kalyan Nagar, Bengaluru",1.7296436886520854,2.2325069931209343,7,10,582
PG,13.0381965,77.628726,PG,"Kalyan Nagar, Bengaluru",1.806432885764995,3.408078663102999,7,9,533
Corporate Stay Only for Officials,13.0241032,77.6374341,PG,"Kalyan Nagar, Bengaluru",0.2971494363770103,1.6740311758073603,2,2,119
Sanjanarithvik P.G for Gends,13.0262792,77.6377401,PG,"Kalyan Nagar, Bengaluru",0.20066981545755966,1.7886739991848795,3,3,198
S.S.R WEIGHING SOLUTIONS PVT LTD,13.0335253,77.6379048,PG,"Kalyan Nagar, Bengaluru",0.8743042119336002,2.3718303210229257,3,5,282
PG open tarries,13.0359443,77.63006,PG,"Kalyan Nagar, Bengaluru",1.5229514713893209,3.1281146016069528,6,8,481
INDO ASIAN ACADEMY CO-ED DEGREE College %26 PG CENTRE,13.0270437,77.6358427,PG,"Kalyan Nagar, Bengaluru",0.42211381070174464,2.0026060543047977,2,3,163
HelloWorld HRBR,13.0329409,77.6268435,PG,"Kalyan Nagar, Bengaluru",1.5861474226927945,3.1761089503585693,4,4,260
Bumble Bee,13.0228143,77.6507811,PG,"Kalyan Nagar, Bengaluru",1.2637268153890466,0.7485012991584074,6,7,413
Srushti PG for ladies,13.0086623,77.6431511,PG,"Kalyan Nagar, Bengaluru",1.9481573290076417,1.1480922392162598,9,10,624
JR Layout,13.0283762,77.6406737,PG,"Kalyan Nagar, Bengaluru",0.3095400316316047,1.7330783680573185,5,5,328
Shoba Enclave,13.020985,77.6412929,PG,"Kalyan Nagar, Bengaluru",0.5708784574903868,1.137776203181707,5,6,386
Boutique by Hema,13.027693,77.6399513,PG,"Kalyan Nagar, Bengaluru",0.21270717748390544,1.7247374246644467,4,5,289
Indian Academy Centre for Research %26 Post Graduate Studies,13.0315653,77.6326932,PG,"Kalyan Nagar, Bengaluru",0.9780175257864964,2.586353356173049,4,4,243
LGSTO 55,13.0250549,77.6276883,Office,"Koramangala, Karnataka",1.2859839817241197,2.6663214231140153,3,4,248
Ola attachment,13.0375156,77.6273117,Office,"Koramangala, Karnataka",1.855482654260741,3.463417795613342,7,9,510
Sri Sai Hi-Tech Pg,13.0385439,77.6205486,PG,"Koramangala, Karnataka",2.4959731885485787,4.0955171790778495,7,8,501
Lotus comforts Girls P.G,13.0178245,77.6596438,PG,"Koramangala, Karnataka",2.353348304959618,1.007753953277745,7,8,480
LGSTO 55,13.0250549,77.6276883,Office,"Lakkasandra, Bengaluru",1.2859839817241197,2.6663214231140153,3,4,248
Home Town Paying Guest,13.0161314,77.6367274,PG,"MG Road, Bengaluru",1.1198051657004184,1.4936438288698088,4,5,323
The White House PG For Gents,13.0355735,77.6299842,PG,"Radha Reddy Layout, Bengaluru",1.4984014767695757,3.1050276745407652,6,8,454
DS-MAX Properties Pvt.Ltd,13.037737,77.6273876,Apartments,"Sarjapura, Bengaluru",1.8670101982119438,3.4744653978734314,7,8,504
DS-MAX Properties Pvt.Ltd,13.037737,77.6273876,Apartments,"Sarjapura, Bengaluru",1.8670101982119438,3.4744653978734314,7,8,504
Home Like PG DELTA,13.039509,77.6216643,PG,"Sarjapura, Bengaluru",2.4621999052547436,4.068235393759792,6,7,412
Ganga Heights,13.0421094,77.6274472,Apartments,"Thygaraja Layout, Bengaluru",2.2345463510564283,3.8231727537752427,8,9,564
Apartment 010,13.0116105,77.6380621,Apartments,"Thygaraja Layout, Bengaluru",1.588489604390427,1.4379859944474733,7,9,534
DS-MAX Properties Pvt.Ltd,13.037737,77.6273876,Apartments,"Thygaraja Layout, Bengaluru",1.8670101982119438,3.4744653978734314,7,8,504
Prestige North Point,13.0233789,77.6374308,Apartments,"Thygaraja Layout, Bengaluru",0.35464055674275186,1.6328882675866576,2,2,119
Casagrand Orlena,13.043603,77.6354368,Apartments,"Thygaraja Layout, Bengaluru",2.0261060343118626,3.468240818784734,8,10,592
DS-MAX Properties Pvt.Ltd,13.037737,77.6273876,Offices,"Thygaraja Layout, Bengaluru",1.8670101982119438,3.4744653978734314,7,8,504
"ICICI Bank HRBR Layout, Bangalore-Branch %26 ATM",13.0247999,77.6369441,Offices,"Thygaraja Layout, Bengaluru",0.30266200531444454,1.7606058739193957,4,5,275
Annapurna ladies pg,13.027366,77.6391614,PG,"Thygaraja Layout, Bengaluru",0.17610461223780108,1.7565238256237452,4,5,284
Zolo Epic Co-Living %7C Redefining PG,13.0379523,77.6217372,PG,"Thygaraja Layout, Bengaluru",2.3526794630110994,3.9534366136529258,6,7,404
Zolo Forza Co-Living %7C Redefining PG,13.0407826,77.6226448,PG,"Thygaraja Layout, Bengaluru",2.4725568487778347,4.081115447252002,5,6,350
MM PG,13.0344531,77.6182744,PG,"Thygaraja Layout, Bengaluru",2.494829331827564,4.045861906549865,8,9,546
Apartment 010,13.0116105,77.6380621,Apartments,"Vivek nagar, Bengaluru",1.588489604390427,1.4379859944474733,7,9,534
DS-MAX Properties Pvt.Ltd,13.037737,77.6273876,Apartments,"Vivek nagar, Bengaluru",1.8670101982119438,3.4744653978734314,7,8,504
Srinivasa Executive PG for Men,13.0267741,77.6404053,PG,"Whitefield, Bengaluru",0.1417681750763489,1.6159551022239995,4,5,291
Annapurna ladies pg,13.027366,77.6391614,PG,"Whitefield, Bengaluru",0.17610461223780108,1.7565238256237452,4,5,284
